{
  "train_loss": [
    2.244710007512518,
    1.6914213124476996,
    1.494750811935629,
    1.3934634736798557,
    1.3137580913222722,
    1.2635627544869512,
    1.1995660862978088,
    1.1679310197094561,
    1.1171177171290518,
    1.1031164581694812,
    1.0596122869999616,
    1.0293185357416612,
    1.0078491321549146,
    0.9847038494631508,
    0.9667541270820867,
    0.9625208817399852,
    0.9365926635358349,
    0.9225773175152562,
    0.8849568203781996,
    0.8954393295910761,
    0.8818394409549254,
    0.8615459041067074,
    0.8446853642554025,
    0.83282559007392,
    0.8233100302070213,
    0.826005505141398,
    0.8089945268866325,
    0.793365081847236,
    0.777131119079602,
    0.8108357460023188,
    0.775096025157176,
    0.7567799946074083,
    0.7461461271664231,
    0.7688459822790312,
    0.7390743182582701,
    0.7241697569615407,
    0.7227816929712434,
    0.7164907544647275,
    0.708185475336824,
    0.6984240307092021,
    0.7011242537072577,
    0.6935313871532769,
    0.681831471461852,
    0.6840604584491513,
    0.6658208456659673,
    0.6603513247381063,
    0.6652863641640047,
    0.6660099497192169,
    0.6523937770580528,
    0.6439458445518796,
    0.6343498806478187,
    0.6270692665720039,
    0.6199475142857467,
    0.6432714729794194,
    0.6223867065282863,
    0.6074669074146749,
    0.6160213197516969,
    0.6119894200953456,
    0.6026284597782056,
    0.5874421155352137,
    0.5842195822827814,
    0.5736412404971296
  ],
  "train_acc": [
    0.3996975003980258,
    0.551026906543544,
    0.5973571087406464,
    0.6244228626014966,
    0.6384333704824072,
    0.6510109855118612,
    0.6667728068778856,
    0.6739372711351695,
    0.6900175131348512,
    0.6867537016398663,
    0.7051424932335615,
    0.7086451202037892,
    0.7187549753224008,
    0.7232128641935998,
    0.7265562808469989,
    0.7318102213023404,
    0.7340391657379398,
    0.734994427638911,
    0.7457411240248368,
    0.7449450724406942,
    0.7460595446584939,
    0.7557713739850342,
    0.7557713739850342,
    0.7556917688266199,
    0.7654832033115746,
    0.7557713739850342,
    0.7633338640343894,
    0.765005572361089,
    0.7693042509154593,
    0.7669957013214457,
    0.771612800509473,
    0.7798121318261423,
    0.7786180544499284,
    0.7713739850342303,
    0.7849864671230695,
    0.7861009393408693,
    0.7840312052220983,
    0.7886483044101258,
    0.7933450087565674,
    0.7898423817863398,
    0.7837127845884413,
    0.7920713262219392,
    0.795016717083267,
    0.7942206654991243,
    0.7979621079445948,
    0.7995542111128802,
    0.7975640821525235,
    0.8018627607068938,
    0.8050469670434645,
    0.8005094730138513,
    0.8090272249641777,
    0.8050469670434645,
    0.8107785384492915,
    0.8011463142811655,
    0.8141219551026907,
    0.8110969590829485,
    0.8114153797166056,
    0.8149180066868333,
    0.8142015602611049,
    0.8207291832510747,
    0.8196943161916892,
    0.8236745741124025
  ],
  "val_loss": [
    1.8787958608673223,
    1.365230689283277,
    1.1832652530231083,
    1.2554328539332404,
    1.1254408628133103,
    1.089885145103553,
    1.1060278922121909,
    1.0557556939033585,
    1.2958464901082225,
    0.9205984781958477,
    1.071221298983507,
    0.9828994061250823,
    0.980490816857784,
    0.8791456660785283,
    0.9177528597728941,
    1.1850738633913906,
    0.868865574533032,
    1.0450786870241913,
    0.8710509095409834,
    0.9217277408935153,
    0.924744526060109,
    1.154931954901768,
    1.0448488667321447,
    0.8425164816476843,
    0.9490019374913274,
    0.8703269591762248,
    0.798488063640947,
    1.084669998330774,
    0.9601883924834854,
    0.9492352807151759,
    0.8249979901280518,
    0.8388008726237749,
    0.8121059400344253,
    0.7894295567122327,
    0.7708808849986355,
    0.7835320661323263,
    0.8366907654966176,
    0.7595148364300922,
    0.8134930349722697,
    0.8180039486986526,
    0.8829278099514026,
    0.9199871862645677,
    0.7984280978859947,
    0.7238446547567615,
    0.7726592286813122,
    0.9118367133653659,
    0.9004499246205525,
    0.8494631907313719,
    0.7417589985808721,
    0.7576212648589478,
    0.8312985508916766,
    0.7680624679983556,
    0.7863017436640579,
    0.8217641892341068,
    0.7372113162730269,
    0.8048803516389769,
    0.8393683581972604,
    0.7621599657218715,
    0.7892881290805872,
    0.8177539969534253,
    0.7598624933169285,
    1.0977659058871796
  ],
  "val_acc": [
    0.43808859434949426,
    0.5978374607603767,
    0.6239972096267876,
    0.6114405301709104,
    0.6564352982211371,
    0.6606208580397628,
    0.6459713986745728,
    0.6703871642832229,
    0.5940006975933031,
    0.7056156260899895,
    0.6700383676316707,
    0.6613184513428672,
    0.689919776770143,
    0.6989884897104988,
    0.7136379490756889,
    0.6334147192186955,
    0.7077084059993024,
    0.6641088245552843,
    0.7021276595744681,
    0.6951517265434252,
    0.7118939658179282,
    0.6630624346006279,
    0.6777118939658179,
    0.730728985001744,
    0.7021276595744681,
    0.7324729682595047,
    0.7467736309731426,
    0.6798046738751308,
    0.7199162888036275,
    0.7031740495291245,
    0.7202650854551796,
    0.7303801883501918,
    0.7216602720613882,
    0.742588071154517,
    0.7422392745029648,
    0.735612138123474,
    0.7125915591210324,
    0.7495640041855598,
    0.7481688175793513,
    0.7373561213812347,
    0.7352633414719218,
    0.6937565399372166,
    0.738053714684339,
    0.7683990233693756,
    0.7488664108824555,
    0.7254970352284618,
    0.713986745727241,
    0.7439832577607255,
    0.7565399372166027,
    0.7520055807464249,
    0.754795953958842,
    0.7540983606557377,
    0.7328217649110569,
    0.742936867806069,
    0.7607254970352285,
    0.7540983606557377,
    0.7206138821067318,
    0.7729333798395536,
    0.7617718869898848,
    0.7593303104290199,
    0.7502615974886641,
    0.7279386117893268
  ],
  "bal_acc": [
    0.35194433374291645,
    0.47683071081592326,
    0.5055425516966479,
    0.5242613606743418,
    0.5665057941865965,
    0.564751990698723,
    0.5383805940100193,
    0.5797442331372957,
    0.5027639932934915,
    0.6066660883474622,
    0.6040664965547136,
    0.6156863297035418,
    0.6109593392079853,
    0.6310837828845702,
    0.5995735502540195,
    0.5980440443195881,
    0.6448247490373353,
    0.6006039594519098,
    0.6524295388042255,
    0.6120905957981914,
    0.6271460174983517,
    0.5884268805990394,
    0.6181120676099883,
    0.668318355437564,
    0.6381491317648256,
    0.6701941441963697,
    0.6742249731212439,
    0.5742239307499398,
    0.6316086402905586,
    0.6514028756952095,
    0.6746790469603327,
    0.6669249851922057,
    0.675650183206826,
    0.6852115533023648,
    0.6846352004005196,
    0.6968252199019155,
    0.6622782443513462,
    0.6921613957950911,
    0.6748575459115271,
    0.6809570124366503,
    0.6578503264704358,
    0.6601008530395636,
    0.6711711061698897,
    0.7119226699814466,
    0.6851380270730352,
    0.6389275194262269,
    0.6611649664787836,
    0.6770972842258811,
    0.6989723236187303,
    0.697119717537307,
    0.6952105077482964,
    0.716261777720009,
    0.7075605087829281,
    0.6914236814633586,
    0.716049054725835,
    0.6850060410292973,
    0.6789604516934624,
    0.709202446469481,
    0.6944578057432094,
    0.6861707246481983,
    0.7029120642148088,
    0.6494615129198968
  ]
}