{"train_loss": [3.0014147558061963, 2.764263222730382, 2.6387640340486502, 2.524906835934099, 2.398206879959386, 2.3590842239265704, 2.308799340796687, 2.23321920051599, 2.112708065620256, 2.0150696668934622, 1.9352081660119007, 1.9361199107334846, 1.8740516640429776, 1.8125184546077238, 1.8263775507672313, 1.7670368192833978, 1.7493815487916446, 1.724462377210841, 1.677265915611029, 1.6205890983784395, 1.5830194962250543, 1.5502300551127066, 1.5152158067211605, 1.4881949069640037, 1.4808850204312598, 1.4557831188501626, 1.4382970395351629, 1.4350871927247384, 1.452613483187386, 1.4008225925104232, 1.3951886959315827, 1.3917471164826507, 1.3609108950487843, 1.338869721603667, 1.3501432926444905, 1.3396793800902735, 1.3267585431631725, 1.3057015656362083, 1.2967821428529436, 1.2903823050471783, 1.2744889029308673, 1.2534919105656415, 1.2589484713408166, 1.2651250418100628, 1.238339321511962, 1.2304230608049613, 1.2219095525231412, 1.1994184775823924, 1.199725420369481, 1.2052937757720272, 1.1942188338363384, 1.172904042487045, 1.1637261780825527, 1.1607914138534916, 1.1554465265794842, 1.1311392394093036, 1.155253309046571, 1.1013325331526527, 1.118311701449519, 1.1016093012520205, 1.1066947074722966, 1.086816912907511, 1.0952288634153409, 1.0922404831808248, 1.067932454326164, 1.0911452386091136, 1.0645323206694752, 1.0377143805544384, 1.0278640166529993, 1.037377415654614, 1.0459164344776666, 1.0293156391229434, 1.0028469797305062, 1.0143000637245603, 1.0181086430920099, 1.008255451694641, 0.9742557910516979, 0.9871522876567626, 0.9713152786896233, 0.9712221185752226, 0.9951812067982346, 0.9741314449349779, 0.9478810087849885, 0.9506206622199256, 0.9509884473757841, 0.9289902969732194, 0.9427714740142494, 0.9193596393320709, 0.9102661710335104, 0.9189800149011604, 0.8981343600196152, 0.91524815303166, 0.9325765154578469, 0.8768066500159818, 0.8695739697658452, 0.8754933244900004, 0.8668509144024605, 0.8548575644659362, 0.8780215429360083, 0.8399758488011008], "train_acc": [0.08215252348352173, 0.18555962426365227, 0.2157299793026588, 0.2329246935201401, 0.27431937589555805, 0.2831555484795415, 0.3046489412513931, 0.3270975959242159, 0.4005731571405827, 0.4539086132781404, 0.47213819455500716, 0.4729342461391498, 0.481690813564719, 0.5046170991880273, 0.5058907817226557, 0.5219710237223372, 0.524916414583665, 0.5230854959401369, 0.5364591625537335, 0.5572361088998568, 0.564241362840312, 0.5620920235631269, 0.5740327973252667, 0.5807992357904792, 0.5801623945231651, 0.5832669957013215, 0.5904314599586054, 0.5896354083744627, 0.5866104123547206, 0.5921031682853048, 0.5954465849387041, 0.6010189460277026, 0.6053972297404872, 0.611367616621557, 0.6116064320967999, 0.6105715650374144, 0.6081834102849865, 0.6229103645916255, 0.6233879955421111, 0.6256169399777105, 0.6268110173539245, 0.6350103486705938, 0.6295175927400095, 0.6279254895717242, 0.6347715331953511, 0.6432892851456774, 0.6444037573634771, 0.6522050628880751, 0.6475879637000478, 0.6509313803534469, 0.6514886164623468, 0.6522050628880751, 0.6631905747492437, 0.6612800509473014, 0.6600063684126731, 0.6674096481451998, 0.6617576818977869, 0.6740168762935839, 0.6740168762935839, 0.6697181977392135, 0.6728227989173698, 0.6796688425409967, 0.676166215570769, 0.6846839675210954, 0.6807037096003821, 0.6818977869765961, 0.6852412036299952, 0.6994109218277345, 0.6978984238178634, 0.6938385607387358, 0.6955102690654354, 0.6928832988377647, 0.7010030249960197, 0.6967043464416495, 0.6977392135010348, 0.7044260468078332, 0.7105556440057316, 0.7072122273523325, 0.7096799872631746, 0.7113516955898742, 0.7035503900652762, 0.706177360292947, 0.7188345804808152, 0.7200286578570292, 0.7174812927877726, 0.7222576022926286, 0.7256010189460277, 0.7228148384015284, 0.7267950963222417, 0.7263174653717561, 0.7302181181340551, 0.7252825983123706, 0.720585893965929, 0.7326858780448973, 0.7381786339754816, 0.7389746855596243, 0.7404871835694953, 0.7394523165101099, 0.732287852252826, 0.7438306002228945], "val_loss": [2.7772100737671175, 2.6993791807558547, 2.4589657205549065, 2.3895148185640833, 2.4396001745442875, 2.669251016178404, 2.0765276766837912, 1.9928650697183226, 1.923205652093904, 1.8660323544998887, 1.8213511231804627, 1.890426218696783, 1.698167087726573, 1.685497767924431, 1.6115147906144738, 1.721005146121746, 1.774463260884812, 1.6633883592847087, 1.529712745151247, 1.4544608480721597, 1.4498920816971028, 1.4061725583690194, 1.3277089801198896, 1.4134942315620207, 1.482364559406431, 1.7175173235554957, 1.345802902551657, 1.4029491852084062, 1.20765873327212, 1.3137902722859325, 1.4661588909154493, 1.4025540957269578, 1.2155334764255394, 1.5693534745711002, 1.3268212582285828, 1.430431016530149, 1.2557545445461826, 1.288941284817688, 1.201506535808176, 1.189062065100229, 1.1280347190545252, 1.1466114981730806, 1.1985085782249671, 1.5622558900401033, 1.2152134381731006, 1.186778429122515, 1.1925151289902292, 1.2532685538139916, 1.3363110426622358, 1.2052432902398988, 1.2456484311002034, 1.1890555594310055, 1.2557164564401295, 1.064330425023783, 1.1260055241203908, 1.2759440243763918, 1.1106482287047006, 1.1107135430253836, 1.1470457558063085, 1.094646203287146, 1.1010033800330028, 1.0849157126472933, 1.0796618679487044, 1.1081807884577055, 1.1622623312045026, 1.2915026432635437, 1.1033587968428458, 1.1185433252746733, 1.1917918779145644, 1.1011650961192594, 1.184176636274409, 1.0163497566178903, 1.0527748960337657, 1.1210601628970136, 1.2260403972408853, 1.1236276158918101, 1.2317006078629615, 1.1203430156114005, 1.008694183308778, 1.074012553053614, 1.0805055808118715, 1.0318880369324779, 0.9679802880990492, 1.0960620817435007, 1.0489451552948803, 1.0801738894667656, 1.101431761639934, 1.079285224867815, 1.2005731423827553, 1.0782132799362611, 1.2018585649774096, 1.0966237253705342, 1.1223132263129707, 1.1391246825622938, 1.1083404273054598, 1.102109565982679, 1.1096922708256218, 1.0853687561489707, 1.2242108298420782, 1.1130165856891614],