{
  "train_loss": [
    2.2560089603576516,
    1.7421757888497869,
    1.5380097442211533,
    1.4178888316823313,
    1.3191260966387661,
    1.2663733245574484,
    1.224417236936527,
    1.1553632268061438,
    1.1338758167425664,
    1.0883795968515633,
    1.0587289159587567,
    1.0554827242363716,
    1.0089202140323146,
    1.0073280140598608,
    0.9756251584950232,
    0.9815713623264303,
    0.9284316189367667,
    0.905481545869341,
    0.8817308665156991,
    0.8947191404852209,
    0.8580496850485939,
    0.8336335946146688,
    0.8419198134658709,
    0.8218599851866699,
    0.8089768195243383,
    0.7924783460047381,
    0.7949925398317953,
    0.7768160322160027,
    0.7665568751393752,
    0.7476323477175372,
    0.7447943493375124,
    0.7191831602486166,
    0.730583169547222,
    0.7159037226382533,
    0.7024642472964832,
    0.7099418151418488,
    0.687490158211253,
    0.6761438974793635,
    0.6760723005148127,
    0.6591234743509716,
    0.6384749749514959,
    0.6495863263384207,
    0.641046464262903,
    0.6298354813635416,
    0.6337304644439653,
    0.6218316013732167,
    0.6278422430971401,
    0.5760822547713846,
    0.6068696452826949,
    0.5857627590220552,
    0.6019526765217847,
    0.5639529965842839,
    0.588159632196929,
    0.5649682301526767,
    0.5546348721068901,
    0.5827146142820818,
    0.5458518288788797,
    0.5408939114423186,
    0.5357092801333803,
    0.5364238306929818,
    0.5170737331582755,
    0.5209426712010473,
    0.5166309911000313,
    0.5341327082643917,
    0.4968605433807045,
    0.4994643597044092,
    0.5111943453175497,
    0.49841512780226715,
    0.48989751176780205,
    0.4903737689171071,
    0.49578401250380694,
    0.4897017251190686,
    0.4694594519046476,
    0.4875510898275638,
    0.46748821754551223
  ],
  "train_acc": [
    0.41362840312052224,
    0.5399617895239611,
    0.5843814679191212,
    0.6110491959879,
    0.6368412673141219,
    0.6473491482248049,
    0.6542747970068461,
    0.6764050310460118,
    0.6779175290558829,
    0.6934405349466646,
    0.6978188186594492,
    0.7024359178474765,
    0.7105556440057316,
    0.7150135328769305,
    0.7157299793026588,
    0.7201082630154434,
    0.7344371915300112,
    0.7362681101735392,
    0.741601655787295,
    0.7376213978665818,
    0.7474924375099506,
    0.7564878204107626,
    0.7551345327177201,
    0.7597516319057475,
    0.7607068938067186,
    0.7681101735392454,
    0.7715331953510588,
    0.7678713580640025,
    0.7720904314599586,
    0.772806877885687,
    0.7798121318261423,
    0.7850660722814838,
    0.7836331794300271,
    0.7844292310141697,
    0.7914344849546251,
    0.7906384333704825,
    0.7966088202515523,
    0.7937430345486387,
    0.7986785543703232,
    0.7985989492119089,
    0.8052857825187072,
    0.8030568380831078,
    0.8071963063206495,
    0.8089476198057635,
    0.8090272249641777,
    0.8106989332908773,
    0.807912752746378,
    0.8204903677758318,
    0.8146791912115905,
    0.8190574749243751,
    0.8135647189937908,
    0.8240725999044738,
    0.8142811654195192,
    0.8218436554688744,
    0.8255850979143449,
    0.8200127368253463,
    0.8255850979143449,
    0.8306798280528578,
    0.8296449609934724,
    0.8307594332112721,
    0.8375258716764846,
    0.8351377169240567,
    0.8398344212704983,
    0.8309982486865148,
    0.8434962585575545,
    0.8407100780130552,
    0.8376850819933132,
    0.8396752109536698,
    0.8411081038051266,
    0.8427798121318262,
    0.8399140264289126,
    0.8419041553892692,
    0.8477153319535106,
    0.8455659926763254,
    0.8500238815475243
  ],
  "val_loss": [
    1.8415091321324488,
    1.5100599332349742,
    1.3602938124806696,
    1.3640687213278333,
    1.2670433003186432,
    1.2078848086378073,
    1.0451085100948998,
    1.0211538118396355,
    1.156366822567392,
    0.97604206804203,
    1.2907184131643603,
    1.0364942302843565,
    1.0660909109719339,
    0.9841132334062851,
    1.0056964158803943,
    0.9370945905106883,
    0.8974942083470199,
    0.8780807125202488,
    0.8310104589097209,
    0.9387412425072134,
    0.8918795966061517,
    0.8458226636795371,
    0.8439366921371894,
    0.818677982725372,
    0.7750706998290274,
    0.8809733847640182,
    0.866379969430107,
    0.6581681783232782,
    0.8871985776944363,
    0.7676189374146164,
    0.7325763124225445,
    0.7735606871199683,
    0.695057976067087,
    0.7566918285208211,
    0.8331192488303615,
    0.8811928999207765,
    0.7897809622052409,
    0.8371844685759576,
    0.7748738196868492,
    0.8419034146720996,
    0.7180600757377672,
    0.69224017008848,
    0.7384835363141243,
    0.7835803820027534,
    0.6301299932828276,
    0.6993641011549447,
    0.7818957410017331,
    0.8057037365324289,
    0.7533683652856706,
    0.6550908450766186,
    0.6439135161595225,
    0.7112078312284177,
    0.7981195021115366,
    0.823683034967765,
    0.6847601122231611,
    0.681290683760475,
    0.6728132357206916,
    0.6816259278760872,
    0.6638485685609382,
    0.7402374776951478,
    0.6865744267125494,
    0.7165286456396199,
    0.7163684871249137,
    0.6613788528541342,
    0.7881376581532243,
    0.711704661323191,
    0.712295221217447,
    0.714227175801982,
    0.6454343265036194,
    0.7059031017813319,
    0.6743237186310326,
    0.690959848610364,
    0.7747922524274498,
    0.6972122792457304,
    0.77681970879316
  ],
  "val_acc": [
    0.3962329961632368,
    0.5420299965120334,
    0.5877223578653645,
    0.5524938960585979,
    0.588768747820021,
    0.598535054063481,
    0.6532961283571678,
    0.6501569584931984,
    0.6173700732472969,
    0.6759679107080572,
    0.5783048482734566,
    0.6679455877223579,
    0.6703871642832229,
    0.6878269968608302,
    0.6770143006627136,
    0.6982908964073945,
    0.7024764562260203,
    0.7202650854551796,
    0.7349145448203698,
    0.6958493198465294,
    0.7052668294384374,
    0.7244506452738054,
    0.7132891524241367,
    0.7366585280781305,
    0.7352633414719218,
    0.7230554586675968,
    0.7251482385769097,
    0.7767701430066272,
    0.7195674921520754,
    0.7527031740495291,
    0.7488664108824555,
    0.7432856644576212,
    0.7617718869898848,
    0.7554935472619463,
    0.742936867806069,
    0.7241018486222532,
    0.7474712242762469,
    0.7471224276246948,
    0.7704918032786885,
    0.7457272410184862,
    0.7708405999302407,
    0.7788629229159401,
    0.7701430066271364,
    0.7579351238228113,
    0.8001395186606208,
    0.776421346355075,
    0.7635158702476457,
    0.7631670735960935,
    0.7729333798395536,
    0.7917683990233694,
    0.7886292291594,
    0.7938611789326823,
    0.7534007673526334,
    0.7607254970352285,
    0.7799093128705964,
    0.7663062434600628,
    0.795605162190443,
    0.7893268224625044,
    0.7935123822811301,
    0.7823508894314615,
    0.7840948726892222,
    0.7889780258109522,
    0.7840948726892222,
    0.793163585629578,
    0.7663062434600628,
    0.7861876525985351,
    0.7861876525985351,
    0.7840948726892222,
    0.7907220090687129,
    0.7875828392047436,
    0.7976979420997559,
    0.7966515521450994,
    0.7820020927799093,
    0.7785141262643879,
    0.7868852459016393
  ],