{"train_loss": [2.5669498094763084, 2.075821588343447, 1.9087840826756977, 1.7600708549483113, 1.6459984762086703, 1.5372890079311838, 1.4237085978253368, 1.3916642697938137, 1.3484513161953344, 1.277930234784705, 1.258785594821147, 1.1786501891027303, 1.150356649099841, 1.1065524673218978, 1.0930056485604411, 1.0384891879461768, 1.0218260257871568, 0.9733336745905015, 0.9805535413698488, 0.9401934426067323, 0.9133216772579005, 0.9084552656197847, 0.9112546838994353, 0.8825352944835814, 0.8430086146056168, 0.8099927293364172, 0.8011325327022651, 0.7507729679227464, 0.7555499145453608, 0.753110909961132, 0.7322306952418045, 0.695402430588416, 0.6912075977305701, 0.6865787282669132, 0.6305526118904062, 0.6377988468877565, 0.6493498968804762, 0.60542574436151, 0.6070617353284156, 0.6030654221455244, 0.5864029516746352, 0.5608591580871107, 0.5415547379019572, 0.5538060624040325, 0.5460335120826822, 0.5275130652732254, 0.506227790483755, 0.5407356291919202, 0.5175404280277028, 0.47414105566913317, 0.4895424174559741, 0.46137883533738333, 0.4661908249835303, 0.48095069953997105, 0.43757029398955505, 0.45807404010240066, 0.4199679958554158, 0.442054774887982, 0.4138918992554832, 0.43712963192084475, 0.42813420230711063, 0.3895032846174163, 0.39469100833603427, 0.396542904151509, 0.4020252918655222, 0.3753054698710038, 0.36511061726207095, 0.3935910819338264, 0.35741714620510495, 0.39259423454786024, 0.3625127125547449, 0.36338137612375476, 0.38010162377961026, 0.3714843458183023, 0.3322009864154847, 0.31913453402687764, 0.2957639703229058, 0.3235849724977834, 0.31506383720096787, 0.30967508094399204, 0.3099115206128263, 0.31768973842393705, 0.3085082710984975, 0.3041465687079901, 0.30327186620913005, 0.30853293046813124, 0.287429543871292, 0.2698194628151107, 0.2879880428447064, 0.2951269963330058, 0.2837515301080745, 0.26779768374330243, 0.2951334124655504, 0.2751052904719286, 0.25560985254816254, 0.24038855475266066, 0.2280677514738802, 0.25705063229172004, 0.2599560460729634, 0.2483510162050871], "train_acc": [0.2739213501034867, 0.42103168285304887, 0.44992835535742715, 0.4914822480496736, 0.5417131030090749, 0.5672663588600542, 0.5997452634930743, 0.6026906543544022, 0.6169399777105556, 0.6373188982646075, 0.6462346760070052, 0.6678872790956853, 0.674972138194555, 0.6924056678872791, 0.6883458048081516, 0.6988536857188345, 0.7081674892533036, 0.723292469352014, 0.7254418086291992, 0.7348352173220825, 0.7384174494507244, 0.7416812609457093, 0.7412036299952237, 0.7471740168762936, 0.7572838719949053, 0.7653239929947461, 0.7642095207769464, 0.7808469988855278, 0.7820410762617418, 0.7822798917369845, 0.7864989651329406, 0.7915140901130393, 0.7997930265881229, 0.7989969750039803, 0.8136443241522051, 0.8110969590829485, 0.8107785384492915, 0.8176245820729183, 0.8130870880433052, 0.8159528737462187, 0.8294061455182296, 0.8273364113994587, 0.8352173220824709, 0.8352969272408852, 0.8334660085973571, 0.8374462665180704, 0.8432574430823118, 0.8383219232606273, 0.840630472854641, 0.8540837446266518, 0.8512179589237383, 0.8516955898742239, 0.8516955898742239, 0.8469988855277822, 0.8608501830918643, 0.8561534787454227, 0.8637159687947779, 0.864352810062092, 0.8688903040917051, 0.859815316032479, 0.8635567584779493, 0.8723929310619328, 0.874542270339118, 0.8750995064480178, 0.8695271453590193, 0.8805126572201879, 0.8801942365865308, 0.877248845725203, 0.8817863397548161, 0.8753383219232607, 0.8848113357745582, 0.8839356790320013, 0.8759751631905748, 0.8777264766756886, 0.8942843496258558, 0.8922942206654991, 0.899140264289126, 0.8911001432892851, 0.898264607546569, 0.8965132940614552, 0.8937271135169559, 0.8987422384970546, 0.902165260308868, 0.8974685559624264, 0.9008915777742398, 0.8984238178633975, 0.9052698614870244, 0.9064639388632383, 0.9008915777742398, 0.9043145995860532, 0.9026428912593536, 0.9094093297245661, 0.9024836809425251, 0.9085336729820093, 0.9120362999522369, 0.9183251074669638, 0.9188823435758637, 0.9160961630313644, 0.9106830122591943, 0.9166533991402643], "val_loss": [1.8728266963153755, 1.8862489695161488, 1.5625463454283444, 1.6540818778654405, 1.6141770228634407, 1.2696297213222076, 1.3841255114890991, 1.6111911751893826, 1.2171138091747629, 1.2304786038619115, 1.147774345624476, 1.226469216963785, 1.1661204854900262, 1.1000159701997076, 1.1314196346563499, 1.0233609600685847, 0.9728556938565563, 0.9237273904684324, 1.0192719326852546, 1.0415556187886663, 1.0666382308356805, 0.9742356402286886, 1.0403804835289416, 0.9735894972438341, 1.0330299397857088, 0.8847101521712377, 0.9803172630047732, 0.9945612682213466, 0.9379335195605747, 1.1023140703063208, 0.8866059153461273, 0.9140255230595561, 0.9982872811351705, 0.9741725143230997, 0.9240174350534368, 0.8994934621225116, 0.8908611586701384, 0.8921568432194579, 1.0432500537338056, 1.0564131060693793, 0.933093298780126, 0.9100483688673658, 1.0306739343455653, 0.9895882570318927, 0.9331071790662487, 1.056496248706879, 0.9954527533334756, 1.0729500340381628, 1.0165128604270828, 1.000352428400292, 0.9759043409542044, 1.0284221826603928, 1.0469363632507656, 1.1609495316073688, 1.1404058053767303, 1.0775074556425739, 1.0708348222238016, 1.0516491595026785, 1.1378355853449271, 1.0783451523542156, 1.0571373637679888, 1.1477987366865894, 1.1468010896210694, 1.1065462044072163, 1.2468740714003825, 1.187220394112726, 1.144824391672726, 1.0366366133970908, 1.3074743063564283, 1.3646651726434698, 1.2201132601894307, 1.2085114873407774, 1.0274683990014537, 1.1049829784915226, 1.141689267861233, 1.102698937082812, 1.2485372504624817, 1.1282608012444972, 1.1794360516018538, 1.3246336126388845, 1.3870940827892884, 1.1635345597476947, 1.2365599547702537, 1.2534853746209205, 1.2548818410829652, 1.1899413538465382, 1.075500625850458, 1.3136159808267418, 1.2567937933871691, 1.2154937768052096, 1.2788894735010328, 1.2501632810906025, 1.2762177076215397, 1.3186303482027604, 1.4381780644133557, 1.335270811239713, 1.4654801943258846, 1.1555900647819664, 1.4187905642073726, 1.2277725989808352],